examination_ID,Cobb_angle,vertbrae Cobb curve,L1-L5,L1_S1,T4_T12,SS,PI,PT
ASD501_test,19.934457888038285,T12-L4,5.9900718369787125,16.540591173918383,0.6910707476042428,20.82311466827031,62.69254619505973,-41.86943152678941
